SN,Gender,0
Lisosia93,Male,5
Iral74,Male,4
Idastidru52,Male,4
Aina42,Male,3
Iri67,Male,3
Chamjask73,Female,3
Iskadarya95,Male,3
Phyali88,Female,3
Chanastnya43,Male,3
Silaera56,Male,3
Lisopela58,Male,3
Haillyrgue51,Male,3
Pheodaisun84,Male,3
Hada39,Male,3
Siallylis44,Male,3
Umolrian85,Female,3
Tyisur83,Male,3
Phaena87,Male,3
Tyidaim51,Female,3
Lassilsala30,Male,3
Sondastsda82,Male,3
Strithenu87,Male,3
Inguron55,Male,3
Zontibe81,Male,3
Raesty92,Male,3
Chadolyla44,Male,3
Asur53,Male,3
Lisim78,Male,3
Saistyphos30,Male,3
Ilarin91,Male,3
Ialallo29,Female,3
Rarallo90,Male,3
Aelin32,Male,3
Saedaiphos46,Male,3
Yathecal82,Female,3
Idai61,Male,3
Chamimla85,Male,3
Hiaral50,Male,3
Mindesi74,Male,2
Marynde90,Male,2
Marilsasya33,Male,2
Eodailis27,Male,2
Ennrian78,Male,2
Chanosian48,Other / Non-Disclosed,2
Lisossa25,Male,2
Marim28,Female,2
Maluncil97,Other / Non-Disclosed,2
Malunil62,Male,2
Marilsa69,Female,2
Chanossanya44,Male,2
Chanastst38,Male,2
Chanosia60,Male,2
Nitherian58,Male,2
Chanjaskan89,Male,2
Phaestycal84,Male,2
Chanirrala39,Male,2
Pheosrinudeu70,Male,2
Pheosurllorin41,Female,2
Phistym51,Male,2
Chamirrasya33,Female,2
Chamirra53,Male,2
Chamilsala65,Female,2
Quinarap53,Male,2
Reunasu60,Female,2
Chadista79,Male,2
Saelaephos52,Male,2
Eulaestira36,Male,2
Lirtossa84,Male,2
Lisista54,Male,2
Eurithphos97,Male,2
Haisrisuir60,Male,2
Zhisrisu83,Male,2
Iskjaskst81,Male,2
Halaecal66,Male,2
Iskichinya81,Female,2
Hari50,Female,2
Heosurnuru52,Female,2
Heuli25,Female,2
Inasti31,Male,2
Hiasri33,Male,2
Ilosia37,Male,2
Ilmol66,Female,2
Ilirrasda54,Male,2
Hirirap39,Male,2
Iaralrgue74,Male,2
Iaralsuir44,Male,2
Iarilis73,Male,2
Iasrira89,Male,2
Idairin51,Other / Non-Disclosed,2
Idaidil28,Male,2
Iasur80,Male,2
Isri34,Male,2
Jiskimya77,Male,2
Frichocesta66,Male,2
Lirtistanya48,Male,2
Eusri70,Female,2
Lisim51,Male,2
Eusurdeu49,Male,2
Lisast87,Male,2
Eyrian71,Male,2
Lisasi93,Male,2
Chadadarla74,Male,2
Lirtossa60,Male,2
Lirtosia63,Male,2
Lirtimst73,Male,2
Frichim77,Male,2
Lirtilsa72,Male,2
Lirtastsya71,Male,2
Lirtastsda29,Male,2
Leyirra83,Female,2
Leetirraya83,Male,2
Frichadaran88,Male,2
Lassimla92,Male,2
Lassadarsda57,Female,2
Lamil79,Male,2
Chadilsasta32,Male,2
Phaelap26,Female,2
Assassasta79,Male,2
Aidaillodeu39,Male,2
Siarithria38,Other / Non-Disclosed,2
Sida61,Female,2
Aestysu37,Male,2
Yadaphos40,Male,2
Siralsudeu54,Male,2
Syally44,Male,2
Tyialisudeu65,Male,2
Tyida79,Male,2
Assistasda42,Male,2
Smaistysu35,Male,2
Sondadar26,Male,2
Yadacal26,Male,2
Aerithllora36,Female,2
Undare39,Male,2
Undosian34,Male,2
Sondim68,Female,2
Undjaskla97,Male,2
Anallorgue57,Male,2
Tyaelorap29,Male,2
Undirrala66,Male,2
Aesty53,Male,2
Sundirrala66,Male,2
Ardcil81,Male,2
Sundadar27,Male,2
Arin32,Male,2
Ali84,Male,2
Yalae81,Male,2
Seosrim97,Male,2
Yathedeu43,Male,2
Aiduecal76,Male,2
Aelly27,Male,2
Siala43,Male,2
Aisurdru79,Female,2
Tyeosri53,Male,2
Aelollo59,Male,2
Sausosia74,Male,2
Seudaillorap38,Male,2
Aelastirin39,Male,2
Aithelis62,Male,2
Caesrinusuir82,Male,2
Bartassaya73,Male,2
Baelollodeu94,Female,2
Saesrideu94,Male,2
Farusrian86,Male,1
Filrion59,Male,1
Frichossala54,Male,1
Frichjask31,Male,1
Frichjaskan98,Male,1
Aillyriadru65,Male,1
Aesurstilis64,Male,1
Frichosia58,Female,1
Aesur96,Male,1
Frichosiala98,Female,1
Aiduesu86,Female,1
Fironon91,Male,1
Aidai53,Male,1
Frichirranya75,Male,1
Aidain51,Female,1
Aidai73,Male,1
Frichadar89,Male,1
Aidai61,Male,1
Firon67,Male,1
Firatan58,Male,1
Firan91,Male,1
Frichast28,Male,1
Aethedru70,Female,1
Frichaststa61,Female,1
Filurarn35,Male,1
Aidaira26,Male,1
Frichaya88,Male,1
Filrion83,Male,1
Frichilsa31,Male,1
Frichynde86,Male,1
Ceoral34,Male,1
Haedairiadru51,Male,1
Iadueria43,Male,1
Hiasurria41,Male,1
Aeral97,Male,1
Aeral68,Male,1
Hilaerin92,Male,1
Hiral75,Male,1
Aeral43,Male,1
Aenarap34,Male,1
Hisridru55,Male,1
Hyaduesu61,Male,1
Ialidru40,Male,1
Haeladil46,Male,1
Iana95,Male,1
Iarallo65,Male,1
Aellyria80,Male,1
Aellynun67,Male,1
Aelidru27,Male,1
Aelaria33,Male,1
Aela59,Male,1
Aeda94,Male,1
Adastirin33,Female,1
Aeralria27,Male,1
Hiarideu73,Male,1
Heunadil74,Female,1
Aeralstical35,Male,1
Haellysu29,Male,1
Haerith37,Male,1
Haerithp41,Other / Non-Disclosed,1
Haestyphos66,Male,1
Hailaphos89,Male,1
Aesri53,Male,1
Aerithriaphos46,Male,1
Aerithriaphos45,Male,1
Haisurra41,Female,1
Hala31,Male,1
Aerithnuphos61,Male,1
Hallysucal81,Male,1
Aerithnucal56,Male,1
Hariphos58,Male,1
Heollyra92,Male,1
Aerillorin70,Male,1
Heollyriap59,Male,1
Aeri84,Male,1
Heudai45,Female,1
Aillyrin83,Female,1
Alaephos75,Male,1
Farrian71,Male,1
Aina43,Male,1
Chamossa77,Male,1
Chanadar44,Male,1
Assistasda90,Male,1
Chanastsda67,Female,1
Chanastya70,Male,1
Chanilsasda38,Male,1
Chanilsast61,Male,1
Chanirra64,Male,1
Chanirra79,Female,1
Assirra56,Male,1
Assim27,Male,1
Assilsan72,Female,1
Iasursti71,Male,1
Chanirrasta87,Male,1
Chanista95,Male,1
Chanjask65,Female,1
Assesi91,Male,1
Chanosia34,Male,1
Assehoan67,Male,1
Assastnya25,Male,1
Chanosiaya39,Male,1
Chamjaskya75,Male,1
Assjaskan56,Male,1
Chamistast30,Male,1
Asty82,Male,1
Chadirra90,Male,1
Chadistaya75,Female,1
Chadjask77,Male,1
Chadjask85,Male,1
Asur96,Male,1
Chadossa56,Male,1
Chadossa89,Male,1
Chamadar79,Male,1
Chamadarnya73,Male,1
Chamadarsda63,Male,1
Chamirraya83,Male,1
Chamalo71,Male,1
Chamassasya86,Male,1
Chamast86,Female,1
Chamastya76,Male,1
Assylla81,Male,1
Chamiman85,Male,1
Chamimla73,Male,1
Assosia88,Female,1
Assjaskan73,Male,1
Chanossast57,Female,1
Chanuchi25,Male,1
Cosadar58,Male,1
Alaesu77,Male,1
Eudanu84,Female,1
Eulae84,Male,1
Alim85,Male,1
Alarap40,Male,1
Eulanurin88,Male,1
Eulasuir89,Male,1
Eulolis41,Male,1
Alaesu91,Male,1
Eurisuru25,Male,1
Eusri26,Male,1
Ethron58,Male,1
Eusri44,Male,1
Aisurria69,Male,1
Eustyria89,Male,1
Eusur90,Male,1
Aisur51,Male,1
Euthe35,Male,1
Eyircil84,Male,1
Eyista89,Male,1
Airi27,Other / Non-Disclosed,1
Eudanu32,Female,1
Ethriel85,Male,1
Dyally87,Male,1
Eoral49,Male,1
Ealiril69,Male,1
Ealrion88,Male,1
Assassa81,Male,1
Ennalmol65,Male,1
Ennoncil86,Male,1
Arirgue63,Male,1
Eodairu79,Male,1
Eodaisu60,Other / Non-Disclosed,1
Eolan54,Male,1
Ardonmol96,Male,1
Ethrasyon38,Male,1
Eoralrap26,Male,1
Eosrirgue62,Male,1
Eosurdru76,Male,1
Eratiel90,Male,1
Ermol76,Male,1
Errian63,Female,1
Alo38,Male,1
Eryon48,Male,1
Ethralista69,Male,1
Iasurriacal29,Male,1
Iskosia90,Male,1
Iathem87,Male,1
Seolollo93,Male,1
Risty84,Male,1
Ristydru66,Male,1
Rithe53,Female,1
Ryanara76,Male,1
Saena74,Male,1
Saena89,Male,1
Saerallora71,Male,1
Saida58,Male,1
Saisrilis27,Male,1
Salilis27,Male,1
Sally64,Female,1
Sastydeu50,Male,1
Seuthep89,Male,1
Rilaera56,Male,1
Shaidanu32,Male,1
Shidai42,Male,1
Siana77,Male,1
Sidap51,Male,1
Sisur91,Male,1
Sondadarya58,Male,1
Sondassan80,Male,1
Sondassasya91,Female,1
Sondilsaya62,Male,1
Sondim73,Male,1
Sondimla25,Male,1
Sondistanya61,Female,1
Ririp86,Male,1
Rianistast50,Male,1
Styaduen40,Male,1
Qilunan34,Male,1
Pheusrical25,Male,1
Pheutherin27,Male,1
Phiallylis33,Male,1
Phiarithdeu40,Male,1
Philodil43,Male,1
Phiristi62,Male,1
Phistyn52,Male,1
Poshilsa82,Male,1
Qarirwen82,Male,1
Qilalista41,Male,1
Qilanrion65,Male,1
Qilatista90,Male,1
Quaecjask96,Male,1
Reulae52,Female,1
Quanenrian83,Male,1
Quanrion96,Female,1
Quanunwen42,Female,1
Quaranmol58,Male,1
Quarrion42,Male,1
Quilassa66,Female,1
Raillydeu47,Male,1
Rairin89,Male,1
Rairith81,Other / Non-Disclosed,1
Raisty38,Male,1
Rastynusuir31,Male,1
Raysistast71,Male,1
Sondossa69,Male,1
Sundadarla27,Male,1
Pheodai94,Male,1
Yalo85,Male,1
Undirra73,Male,1
Undirrasta89,Male,1
Undista85,Male,1
Undjask33,Male,1
Undosia27,Male,1
Undotesta33,Male,1
Wailin72,Female,1
Yadaisuir65,Male,1
Yadam35,Male,1
Yadanu52,Male,1
Yalaeria91,Male,1
Yaliru88,Male,1
Yalostiphos68,Male,1
Undilsan50,Male,1
Yana46,Female,1
Yarithllodeu72,Male,1
Yarithrgue83,Male,1
Yarithrin84,Female,1
Yarithsurgue62,Male,1
Yarolwen77,Male,1
Yasrisu92,Male,1
Yastyriaphos75,Male,1
Yasur35,Male,1
Yasur85,Male,1
Yathecal72,Male,1
Yoishirrala98,Female,1
Undimsya85,Male,1
Undassa89,Male,1
Sundassa93,Male,1
Tyaelistidru84,Female,1
Sundim98,Other / Non-Disclosed,1
Sundista37,Male,1
Sundjask71,Female,1
Syalollorap93,Female,1
Syathe73,Female,1
Syathecal44,Male,1
Taeduenu92,Female,1
Thourdirra92,Male,1
Thrientossa55,Male,1
Thryallym62,Male,1
Tyaedainu44,Male,1
Tyaelaelis94,Male,1
Tyaelly53,Female,1
Tyirinu79,Male,1
Tyaelo67,Male,1
Tyaenasti87,Female,1
Tyaerith73,Male,1
Tyalaesu89,Male,1
Tyananurgue44,Male,1
Tyarithn67,Male,1
Tyeoralru41,Male,1
Tyeudariasuir90,Male,1
Tyeuduen32,Male,1
Tyeurith29,Male,1
Tyialisti80,Male,1
Tyidainu31,Female,1
Pheulidil31,Male,1
Phaedue89,Female,1
Iathenudil29,Male,1
Jiskimsda56,Male,1
Iskirra45,Male,1
Iskosian40,Male,1
Iskossasda43,Male,1
Isty55,Male,1
Isurria36,Female,1
Isursti83,Male,1
Isursuir31,Male,1
Ithergue48,Male,1
Itheria73,Male,1
Jeyciman68,Male,1
Jiskadarst60,Male,1
Jiskassa76,Male,1
Jiskirran77,Other / Non-Disclosed,1
Iskim66,Male,1
Jiskjask60,Female,1
Jiskjask80,Male,1
Jiskjask85,Male,1
Jiskossa61,Male,1
Laedallo55,Male,1
Lalossa38,Male,1
Lassassasda30,Male,1
Lassassast73,Male,1
Lassirrasda85,Male,1
Lassjask63,Male,1
Lassjaskan73,Male,1
Layjask75,Female,1
Iskim96,Male,1
Irithlis29,Male,1
Lirtassa52,Male,1
Ilimya66,Male,1
Idacal95,Male,1
Idaisuir85,Male,1
Iduelis31,Male,1
Iduenu77,Female,1
Ilaesudil92,Male,1
Ilassa51,Male,1
Ilassast39,Male,1
Ilast79,Male,1
Ilastilis78,Male,1
Ili43,Male,1
Ililsan66,Male,1
Ililsasya43,Male,1
Ilista82,Male,1
Irith83,Male,1
Iljask75,Male,1
Ilosian36,Male,1
Ilosianya35,Male,1
Ilunyon70,Male,1
Ina92,Male,1
Inasuir29,Female,1
Indcil77,Male,1
Indirrian56,Male,1
Indonmol95,Male,1
Ingatcil75,Male,1
Irilis75,Male,1
Irillo49,Male,1
Liawista80,Male,1
Lirtassan78,Male,1
Phaedasurap84,Male,1
Mindadaran26,Female,1
Maradarnya40,Male,1
Marassa62,Male,1
Marast30,Female,1
Maridisya31,Male,1
Marilsanya48,Male,1
Marirrasta50,Male,1
Marjask87,Male,1
Marokian45,Male,1
Maropast28,Male,1
Marughi89,Male,1
Marundi65,Male,1
Meosridil82,Male,1
Mindetosya30,Male,1
Malon70,Male,1
Mindilsa34,Female,1
Mindilsa60,Male,1
Mindimnya67,Male,1
Mindirranya33,Male,1
Mindista32,Male,1
Mindjasksya61,Male,1
Mindossa76,Male,1
Minduli80,Male,1
Minduri31,Male,1
Palatyon26,Male,1
Palyon91,Male,1
Peorith44,Male,1
Maradaran90,Female,1
Malil90,Male,1
Lirtastan49,Male,1
Lisiriya82,Male,1
Lirtilsa71,Male,1
Lirtim36,Other / Non-Disclosed,1
Lirtirra37,Male,1
Lirtirra81,Male,1
Lisadar44,Male,1
Lisassa64,Female,1
Lisassala98,Male,1
Lisassasda39,Male,1
Lisassasta50,Male,1
Lisast98,Male,1
Lisico81,Male,1
Lisilsa62,Male,1
Lisirra25,Male,1
Malarrian73,Male,1
Lisirra58,Female,1
Lisirra87,Male,1
Lisista27,Male,1
Lisista63,Male,1
Lisjaskan36,Male,1
Lisjaskya84,Male,1
Lisosia66,Male,1
Lisossa46,Male,1
Lisossala30,Male,1
Lisossanya98,Male,1
Lisotesta51,Female,1
Lisovynya38,Male,1
Adairialis76,Male,1
